Ac Name,Route,Area,Contact
Zuberbhai Molvi,Indore Highway,01 Kasba,0
Dabiyal Pan Corner,Station Road,01 Kasba,6551851995
Murad Pan,Station Road,01 Kasba,0
Zuber Anda Pulav,Station Road,01 Kasba,0
Nawabi Kariyana Store,Station Road,01 Kasba,0
Al Noor Provision,Station Road,02 Maimoon nagar,+9198259 47812
Krishna Tea (Lakhubhai),Station Road,02 Talav Rd,0
Aadarsh Pan (Shokatbhai),Station Road,02 Talav Rd,0
Super Tea Stall (Sohailbhai),Station Road,02 Talav Rd,+917984525911
Jitubhai Kachori,Station Road,02 Talav Rd,0
Jawed Nasta,Station Road,02 Talav Rd,0
Raja Tea,Station Road,02 Talav Rd,0
Paradise Soda Fountain (Joyabbhai),Station Road,02 Talav Rd,0
Saifee Cold Drink,Station Road,02 Talav Rd,0
Asma Medical,Station Road,02 Talav Rd,0
Salimbhai Tea,Station Road,02 Talav Rd,0
Patidar Rajwadi Tea - Talav,Station Road,02 Talav Rd,0
Bhole Pan,Station Road,02 Talav Rd,0
Shahrukh (Zydus),Station Road,03 Zydus Hospital,9169786110
Irshad (Zydus),Station Road,03 Zydus Hospital,+917226883370
Sunny (Zydus),Station Road,03 Zydus Hospital,0
Aslambhai Oza,Station Road,03 Zydus Hospital,0
The Egg Bite (Nasirbhai),Station Road,04 Yaadgar Chowk,0
Bombay Omlet,Station Road,04 Yaadgar Chowk,0
Usman Pan,Station Road,04 Yaadgar Chowk,0
Yaadgar Sweet,Station Road,04 Yaadgar Chowk,8401003279
Yaadgar HO,Station Road,04 Yaadgar Chowk,8401003279
Golden Hotel (Hameed Raza),Station Road,04 Yaadgar Chowk,9429449116
Love Rajwadi Tea,Station Road,04 Yaadgar Chowk,0
Star Yaadgar Fast Food (Ahmedbhai),Station Road,04 Yaadgar Chowk,0
Zupda Hotel,Station Road,04 Yaadgar Chowk,0
MP Pan (Mehbubbhai),Station Road,04 Yaadgar Chowk,9825435813
Amdavadi Chay,Station Road,04 Yaadgar Chowk,0
MP Lassi (Rafiqbhai),Station Road,04 Yaadgar Chowk,0
Yaadgar Ice Cream,Station Road,04 Yaadgar Chowk,0
Patel Pan 2,Station Road,04 Yaadgar Chowk,0
Golden Hotel (Kalubhai),Station Road,04 Yaadgar Chowk,0
Salman Cold Drink,Station Road,05 Darpan Rd,0
Somabhai Chaiwala,Station Road,05 Darpan Rd,0
Om Sai Hotel (Mangalbhai),Station Road,05 Darpan Rd,9978783999
Mohan Pan Corner,Station Road,05 Darpan Rd,9978370809
Priti Pan,Station Road,05 Darpan Rd,0
Sunny Nasta,Station Road,05 Darpan Rd,0
Mama Veer Tea Stall,Station Road,05 Darpan Rd,0
Shiv Pan Corner (Rameshbhai),Station Road,06 Station Rd,9586874640
Rakesh Pan Corner,Station Road,06 Station Rd,0
Lokesh Tea,Station Road,06 Station Rd,0
Sheetal Pan,Station Road,06 Station Rd,9824116034
Laxmi Vilas,Station Road,06 Station Rd,0
Jani Omelet,Station Road,06 Station Rd,0
Shreeji Sev Usad,Station Road,06 Station Rd,0
Chacha Vansfodiya Soc.,Station Road,06 Station Rd,0
Sandeep Tea,Station Road,06 Station Rd,0
Kismat Tea,Station Road,06 Station Rd,0
Nirmal Pan,Station Road,06 Station Rd,0
Baba Ramdev Tea,Station Road,06 Station Rd,0
Burhanbhai General Stores,Station Road,07 Thakkar Faliya,0
Hotel Yaadgar (Qasimbhai),Station Road,07 Thakkar Faliya,0
Ummi Medical Store,Station Road,07 Thakkar Faliya,0
Babji Store (Mohammedbhai),Station Road,07 Thakkar Faliya,0
Yaadgar Omelet,Station Road,07 Thakkar Faliya,+917016273267
Royal Fresh Corner,Station Road,07 Thakkar Faliya,0
Faizan Omelet,Station Road,07 Thakkar Faliya,0
Shabbirbhai Pan,Station Road,07 Thakkar Faliya,0
Nazimbhai Pan,Station Road,07 Thakkar Faliya,0
Gopal Tea,Station Road,07 Thakkar Faliya,0
Azimuddin Kazi,Station Road,07 Thakkar Faliya,0
Indian Refreshments,Station Road,07 Thakkar Faliya,0
The Egg World (Monu),Station Road,07 Thakkar Faliya,0
Egg Tadka (Monu),Station Road,07 Thakkar Faliya,0
China Town Tea,Station Road,07 Thakkar Faliya,0
Raghuveer Tea,Station Road,08 Railway St. Rd,0
Patel Pan,Station Road,08 Railway St. Rd,0
Bilalbhai,Station Road,08 Railway St. Rd,0
Agrawal Corner,Station Road,08 Railway St. Rd,0
Manish Tea,Station Road,08 Railway St. Rd,0
Mahadev Rajwadi Tea,Station Road,08 Railway St. Rd,0
Bridge Pan Corner (Sharifbhai),Station Road,09 Jhalod Rd,0
Lala Pan Corner,Station Road,09 Jhalod Rd,7359955245
Riddhi Kariyana,Station Road,09 Jhalod Rd,0
Kalubhai Nasta,Station Road,09 Jhalod Rd,0
Mahadev General Stores,Station Road,09 Jhalod Rd,0
SM Refreshment,Station Road,09 Jhalod Rd,9925928577
Karishma Fast-Food,Station Road,09 Jhalod Rd,0
Abu Al-Baik,Station Road,09 Jhalod Rd,0
Yaadgar Fast-Food (Mustaqim Raza),Station Road,09 Jhalod Rd,0
Dawat Restaurant,Station Road,09 Jhalod Rd,0
Shiv Shakti Tea Stall,Station Road,09 Jhalod Rd,0
Royal Omelet,Station Road,09 Jhalod Rd,0
Patidar Rajwadi Tea,Station Road,09 Jhalod Rd,0
Raghubhai,Station Road,09 Jhalod Rd,0
Shivam General Store,Station Road,09 Jhalod Rd,0
Kamal General Store,Station Road,09 Jhalod Rd,0
Ashok Provision (Jhalod Rd),Station Road,09 Jhalod Rd,0
Khushboo (salman),Station Road,09 Jhalod Rd,0
Om Sweet Farsan,Station Road,10 Godi Rd,0
Noor Provision Store,Station Road,10 Godi Rd,+918320963201
Bharatbhai Solanki,Station Road,10 Godi Rd,0
Kesar Rajwadi Tea,Station Road,10 Godi Rd,0
Khushboo (Wasim),Station Road,11 Ratri Bazar,0
Khushboo (Iqbalbhai),Station Road,11 Ratri Bazar,0
Fruitition HUB : Arifbhai,Station Road,11 Ratri Bazar,0
Khusboo (Juned),Station Road,11 Ratri Bazar,0
Krishna Café (Bhuriyabhai),Station Road,12 Nagarpalika,0
Hatimi Sherdi Ras Ghar (Abbasbhai),Station Road,13 Yash Market,9664939023
Kaeedbhai,Station Road,14 Kharod,0
Steven mama,Station Road,14 Kharod,+919265639841
Nareshbhai,Station Road,14 Kharod,0
JR Sangada (Janubhai),Station Road,14 Kharod,0
Sagar General Stores,Station Road,14 Kharod,0
Vipulbhai,Station Road,14 Kharod,0
Sawaliya Pakodi,Station Road,14 Kharod,0
Chetanbhai,Station Road,14 Kharod,0
Hind Medical Store,Station Road,14 Kharod,0
Sureshbhai Kariyana,Station Road,14 Kharod,0
Jay Dwarkadhish General,Station Road,14 Kharod,0
Mahakali Hotel,Station Road,14 Kharod,0
Ramubhai,Station Road,14 Kharod,0
Jay Ranchhod Kariyana,Station Road,14 Kharod,0
Shiv Fresh Corner,Indore Highway,Chakaliya Rd,0
Kavya Fresh Corner,Indore Highway,Dahod,0
Jay Babari Tea,Indore Highway,Dahod,0
R K General,New Route,Dahod,0
Mahalaxmi Store,New Route,Dahod,0
Patel Corner,New Route,Dahod,0
Damor Kariyana,New Route,Dahod,0
Mayuri Pan Corner,New Route,Dahod,0
Amul General,New Route,Dahod,0
Bajarang Provision,New Route,Dahod,0
Babji Store,New Route,Dahod,0
Gandhi Papadia,Station Road,Dahod,0
AT Enterprise,Station Road,Dahod,0
Zuberbhai,Station Road,Dahod,0
Customer Station Rd,Station Road,Dahod,0
Vadh Ghat Station Rd,Station Road,Dahod,0
Shivam Tea,Indore Highway,Garbada Chokdi,0
Keshav Tea,Indore Highway,Garbada Chokdi,0
Alpesh Pan Corner,Indore Highway,Garbada Chokdi,0
Krishna Kariyana Stores,Indore Highway,Garkhaya,7359239298
Sunil (Alcohol),Indore Highway,Garkhaya,8141995557
Royal Fresh Corner.,Indore Highway,Godhra Road,0
Jain Nasta (Rockybhai),Indore Highway,Godhra Road,0
Jay Sainath General Store,Indore Highway,Godhra Road,9426338424
Naman Kariyana Store,Indore Highway,Godhra Road,9157406541
Pavan Stores,Indore Highway,Godhra Road,0
Vinay General Store,Indore Highway,Godhra Road,0
Shiv Lucky Dairy,Indore Highway,Godhra Road,0
Lucky Dairy (Santoshbhai),Indore Highway,Godhra Road,0
Shiv Lucky Nasta House,Indore Highway,Godhra Road,0
Krishna Dairy,Indore Highway,Godhra Road,0
Zam Zam Soda,Indore Highway,Godhra Road,0
Akram Kariyana Stores,Indore Highway,Godhra Road,0
Krishna Pan Parlour,Indore Highway,Godhra Road,0
A1 Fresh Corner,Indore Highway,Godhra Road,0
Jay Mahakali Pakodi,Indore Highway,Godhra Road,0
Mukesh Katla,Indore Highway,Godhra Road,0
Nanubhai Tea,Indore Highway,Godhra Road,0
Pakodiwala-Godhra Rd,Indore Highway,Godhra Road,0
Rakesh Tea,Indore Highway,Godhra Road,0
Sangadiya,Indore Highway,Godhra Road,0
Om Sai Chinese,Indore Highway,Godhra Road,0
Jay Ambe Tea,Indore Highway,Godhra Road,-1
A1 Bombay Biryani,Indore Highway,Godhra Road,0
Sharmaji Dairy,Indore Highway,Godhra Road,0
Trisha Pan,Indore Highway,Godhra Road,0
Kanha Dairy,Indore Highway,Godhra Road,0
Indian Omelet,Indore Highway,Godhra Road,0
Cool Zone,Indore Highway,Govind nagar,0
Krishna Pan & Cold Drink (Dharmesh),Indore Highway,Govind nagar,9313784251
Keshav Farsan (Gopalbhai),Indore Highway,Govind nagar,0
Siraj Kariyana Store,Indore Highway,Hanuman Bazaar,0
Al Aziz Nasta House,Indore Highway,Indore Highway,9426597016
Bemisal Nasta House,Indore Highway,Indore Highway,8401491530
Star Yaadgar Restaurant (Abdulbhai),Indore Highway,Indore Highway,0
Bapa Sitaram Tea Stall : 1,Indore Highway,Indore Highway,9327712217
Lala Tea Stall,Indore Highway,Indore Highway,9054299666
Anwarbhai Pan,Indore Highway,Indore Highway,9426635666
Maruti Hotel,Indore Highway,Indore Highway,0
Hotel Sagar,Indore Highway,Indore Highway,9870036973
Bapa Sitaram Tea Stall : 2,Indore Highway,Indore Highway,9327505899
Kalpanaben,Indore Highway,Indore Highway,0
Zulfiqar Petrol Pump (Irfan Limdiwala),Indore Highway,Indore Highway,0
Jay Mahakali Restaurant,Indore Highway,Indore Highway,0
Jay Khodiyar Nasta,Indore Highway,Indore Highway,0
Jay Maa Chamunda Tea Stall (Vishal),Indore Highway,Indore Highway,9265571976
Raja Tea Stall,Indore Highway,Indore Highway,0
Super Nasta House,Indore Highway,Indore Highway,0
Hotel Salman,Indore Highway,Indore Highway,0
Hotel Bajrang (Sanjaybhai),Indore Highway,Indore Highway,8849258464
Hotel Khushi (Pankajbhai),Indore Highway,Indore Highway,7046081147
Jay Matadi Kathiyawadi Hotel,Indore Highway,Indore Highway,0
Patidar Rajwadi Tea Neel,Indore Highway,Indore Highway,0
Jaafarbhai,Indore Highway,Indore Highway,0
Naina Kaki,Indore Highway,Indore Highway,0
Kesar Rajwadi Tea,Indore Highway,Indore Highway,0
Chaudhry Fresh,Indore Highway,Indore Highway,0
Jay Ambe Nasta,Indore Highway,Indore Highway,0
Roop Shree,Indore Highway,Indore Highway,0
Ajaybhai,Indore Highway,Indore Highway,0
RTO Tax Pan,Indore Highway,Indore Highway,0
Lalchand Damor,Indore Highway,Indore Highway,0
Centre Point,Indore Highway,Indore Highway,0
Vadh Ghat ind,Indore Highway,Indore Highway,0
Divanbhai,Indore Highway,Indore Highway,0
Police Highway,Indore Highway,Indore Highway,0
Praannath Kariyana,Indore Highway,Jalat,0
Kulsingbhai,Indore Highway,Jalat,0
Jay Ambe Rajwadi,New Route,Jeevan deep,0
Sai Provision,New Route,Jeevan deep,0
Jay Mahakali Pan,New Route,Jeevan deep,0
Sureshbhai,Indore Highway,Jeshawada Chokdi,0
Rajwadi Chai ni Jamawat,Indore Highway,Jeshawada Chokdi,0
Meera Rajwadi Tea,Indore Highway,Jeshawada Chokdi,0
Jay Bhawani Juice,Indore Highway,Jeshawada Chokdi,0
Bharat Labana,Katwara,Katwara,0
Labana Hotel (Rakeshbhai),Katwara,Katwara,0
Maa Aashapura Hotel (Shivambhai),Katwara,Katwara,09904727345
Hotel Aarohi (Anilbhai),Katwara,Katwara,0
Shree Ram General Store,Katwara,Katwara,0
Shivam Farsan (Praveenbhai),Katwara,Katwara,0
Sureshbhai Cabin,Katwara,Katwara,0
Avantika Resort,Katwara,Katwara,+919825244172
SS Pan Corner (Shabbirbhai),Indore Highway,Maimoon nagar,0
Udabhai,Indore Highway,Mandav Chokdi,8141193236
Har Siddhi Pan,Indore Highway,Mandav Chokdi,0
Bhawani Canteen,Indore Highway,Mandav Chokdi,0
Jay Matadi Nasta,Indore Highway,Mandav Chokdi,0
Aai Shree Khodiyar Pan,Indore Highway,Mandav Chokdi,0
Jalaram Pan (Dharmesh),Indore Highway,Mandav Rd,0
Ashok Provision Store,Indore Highway,Mandav Rd,0
Mukesh General Store,Indore Highway,Mandav Rd,0
Praveenbhai,Indore Highway,Mandav Rd,9978255802
Jatin D,Indore Highway,Mandav Rd,0
Krishna Provision Store,Indore Highway,Mandav Rd,0
SS Rajwadi Tea,Indore Highway,Mandav Rd,0
Govindam,Indore Highway,Mandav Rd,0
Padwal Hospital Canteen,Indore Highway,Mandav Rd,0
Maruti Provison Store,Indore Highway,Mandav Rd,0
National General Store,Indore Highway,Mandav Rd,0
Panchmurti Hanuman Mandir,Indore Highway,Mandav Rd,0
Guru Krupa Provision,Indore Highway,Mandav Rd,0
Hotel Bajrang,Indore Highway,Mangal Mahudi,0
Rameshbhai Mangal Mahudi,Indore Highway,Mangal Mahudi,0
Bajrangbali Tea,Indore Highway,Mangal Mahudi,0
Rockybhai Poultry Farm,Indore Highway,Muwaliya Crossing,0
Salimbhai Jada,Indore Highway,Muwaliya Crossing,9106165853
Babji Kariyana Stores (Khujemabhai),Indore Highway,Muwaliya Crossing,9099793291
Ansh Kariyana Store,Indore Highway,Muwaliya Crossing,0
Hemantbhai,Indore Highway,Muwaliya Crossing,0
Balaji Nasta,Indore Highway,Muwaliya Crossing,0
Mukeshbhai Muwaliya Crossing,Indore Highway,Muwaliya Crossing,0
Ruhi Tea,Indore Highway,Muwaliya Crossing,0
Raj Omelet Centre,Indore Highway,Muwaliya Crossing,0
Joharbhai,Indore Highway,Muwaliya Crossing,0
Jay Ambe Rajwadi,Indore Highway,Muwaliya Crossing,0
Baba Ramdev Hotel,Indore Highway,Muwaliya Crossing,0
Husainbhai Bangi,Indore Highway,Nagarpalika,0
Salim Pan,Indore Highway,Nagarpalika,0
Shiv Shakti Pan & Cold Drink (Mehulbhai),Indore Highway,Nagarpalika,0
Shabbirbhai Nasta & Tea,Indore Highway,Old Court Road,0
Swad Farsan & Sweets (Pradeepbhai),Indore Highway,Old Indore Highway,9726869693
Maheshbhai Pan,Indore Highway,Old Indore Highway,0
Rajendra Provision Store,Indore Highway,Old Indore Highway,9913117688
Rishi Cold Drink,Indore Highway,Old Indore Highway,0
Brijesh Modhia,Indore Highway,Padav,0
Kiran Provision Store,Indore Highway,Padav,0
Pan Supari (Rakeshbhai),Indore Highway,Padav,9426398180
Krishna Pan Corner (Mehul),Indore Highway,Padav,0
Moti Pan Corner,Indore Highway,Padav,0
Shree Hari General Store (Ghanshyambhai),Indore Highway,Padav,0
Shiv Shakti Kariyana,Indore Highway,Padav,0
Vansh Fresh,Indore Highway,Padav,0
Panchamrut Dairy (Lakabhai),Indore Highway,Padav,0
Panchamrut Parlour,Indore Highway,Padav,0
Shrinath Sweets & Farsan,Indore Highway,Padav,0
Mahadev Rajwadi Tea,Indore Highway,Padav,0
Maruti Xerox,Indore Highway,Padav,0
Rajubhai Kadiya,Indore Highway,Padav,0
Up Sarpanch Tea,Indore Highway,Padav,0
Priyansh Tea,Indore Highway,Padav,0
Khushboo Fast-Food (Iqbalbhai),Indore Highway,Parel,0
New Khushboo Fast-Food (Monu),Indore Highway,Parel,0
Royal Nasta,Indore Highway,Parel,9428128594
Tiwari Pan,Indore Highway,Parel,0
Ashokbhai (Alcohol),Indore Highway,Pusri,7874204727
Hemchand Damor (Alcohol),Indore Highway,Pusri,9979219115
Jay Babadev Hotel (Sureshbhai),Indore Highway,Pusri,0
Rameshwar Tiles,Indore Highway,Pusri,0
Kamleshbhai,Indore Highway,Pusri,0
Himmatbhai -Pusri,Indore Highway,Pusri,0
Shree Ganesh Hotel (Sureshbhai),Indore Highway,Rabdal,8238264436
Raja Omelet,Indore Highway,Rabdal,0
Subhash Kariyana Store,Indore Highway,Raliyati Rd,0
Balaji Nasta House,Indore Highway,Raliyati Rd,0
Hitesh General Store,Indore Highway,Raliyati Rd,0
Sai Point (Bhaveshbhai),Indore Highway,Raliyati Rd,0
Khushboo Point (Anandbhai),Indore Highway,Raliyati Rd,8238275115
Rajveer Pan (Rohit),Indore Highway,Raliyati Rd,9327888415
Savera General Store,Indore Highway,Raliyati Rd,0
Shree Hari Fresh Corner,Indore Highway,Raliyati Rd,0
Krishna Fresh Corner,Indore Highway,Raliyati Rd,0
Sainath General Store,Indore Highway,Raliyati Rd,0
Surmalbhai,Indore Highway,Raliyati Rd,0
Amarnath Dairy,Indore Highway,Raliyati Rd,0
Kundan Pan Corner,Indore Highway,Raliyati Rd,0
Jay Johar Kariyana,Indore Highway,Raliyati Rd,0
Aarkeshbhai,Indore Highway,Raliyati Rd,0
Jay bhole kariyana,Indore Highway,Raliyati Rd,0
Lala Pan Point,Indore Highway,Red Cross Bhavan,0
Mayaan Sinh,Indore Highway,Sabrana -Mamdav,0
Shree Raj Pan Corner,Indore Highway,Sabrana -Mandav,0
LuLu Store,Indore Highway,Sabrana -Mandav,0
Shri Ganesh Kariyana,Indore Highway,Sabrana -Mandav,0
NayanSingh bhai,Indore Highway,Sabrana -Mandav,0
FooDelicious Hotel,Indore Highway,Yaadgar to Bhagini,0
Zupda hotel,Indore Highway,Yaadgar to Bhagini,0
Chai Biscuits,Station Road,Yaadgar to Bhagini,0
Noor Hotel,Station Road,Yaadgar to Bhagini,0
Jalaram Pan (Babubhai),Indore Highway,Yash Market,0
Police,Station Road,Station Rd,0
